{"cameraMode":{"drawMode":0,"name":"Shaded","section":"Shading Mode"},"sceneLighting":false,"audioPlay":false,"sceneViewState":{"showFog":true,"showMaterialUpdate":false,"showSkybox":false,"showFlares":true,"showImageEffects":true,"showParticleSystems":true},"in2DMode":false,"pivot":{"x":15.800000190734864,"y":0.0,"z":61.279998779296878},"rotation":{"x":0.44618871808052065,"y":0.5530858635902405,"z":-0.516181468963623,"w":0.47808870673179629},"size":18.73679542541504,"orthographic":false}