{"cameraMode":{"drawMode":0,"name":"Shaded","section":"Shading Mode"},"sceneLighting":false,"audioPlay":false,"sceneViewState":{"showFog":true,"showMaterialUpdate":false,"showSkybox":false,"showFlares":true,"showImageEffects":true,"showParticleSystems":true},"in2DMode":false,"pivot":{"x":-36.063358306884769,"y":16.093101501464845,"z":61.57943344116211},"rotation":{"x":0.036474913358688357,"y":-0.8262813091278076,"z":-0.05386917665600777,"w":-0.5594916939735413},"size":23.09195899963379,"orthographic":true}