{"cameraMode":{"drawMode":0,"name":"Shaded","section":"Shading Mode"},"sceneLighting":true,"audioPlay":false,"sceneViewState":{"showFog":true,"showMaterialUpdate":false,"showSkybox":true,"showFlares":true,"showImageEffects":true,"showParticleSystems":true},"in2DMode":false,"pivot":{"x":11.500823974609375,"y":-18.354076385498048,"z":-17.766948699951173},"rotation":{"x":-0.2551133930683136,"y":-0.602339506149292,"z":0.21158167719841004,"w":-0.7262407541275024},"size":106.9117202758789,"orthographic":false}