{"cameraMode":{"drawMode":0,"name":"Shaded","section":"Shading Mode"},"sceneLighting":true,"audioPlay":false,"sceneViewState":{"showFog":true,"showMaterialUpdate":false,"showSkybox":true,"showFlares":true,"showImageEffects":true,"showParticleSystems":true},"in2DMode":false,"pivot":{"x":31.601760864257814,"y":-15.695869445800782,"z":13.902057647705079},"rotation":{"x":0.2647501230239868,"y":0.6763299703598023,"z":-0.2865930497646332,"w":0.6247819662094116},"size":88.00637817382813,"orthographic":false}