{"cameraMode":{"drawMode":0,"name":"Shaded","section":"Shading Mode"},"sceneLighting":true,"audioPlay":false,"sceneViewState":{"showFog":true,"showMaterialUpdate":false,"showSkybox":true,"showFlares":true,"showImageEffects":true,"showParticleSystems":true},"in2DMode":false,"pivot":{"x":-27.700000762939454,"y":2.5788722038269045,"z":0.4802680015563965},"rotation":{"x":0.2647501230239868,"y":0.6763299703598023,"z":-0.2865930497646332,"w":0.6247819662094116},"size":28.171676635742189,"orthographic":false}