{"cameraMode":{"drawMode":0,"name":"Shaded","section":"Shading Mode"},"sceneLighting":true,"audioPlay":false,"sceneViewState":{"showFog":true,"showMaterialUpdate":false,"showSkybox":true,"showFlares":true,"showImageEffects":true,"showParticleSystems":true},"in2DMode":false,"pivot":{"x":1.4901161193847657e-8,"y":2.625281572341919,"z":0.12157458066940308},"rotation":{"x":0.07344350218772888,"y":0.8907300233840942,"z":-0.15547747910022736,"w":0.4207551181316376},"size":2.6280951499938967,"orthographic":false}