{"cameraMode":{"drawMode":0,"name":"Shaded","section":"Shading Mode"},"sceneLighting":false,"audioPlay":false,"sceneViewState":{"showFog":true,"showMaterialUpdate":false,"showSkybox":false,"showFlares":true,"showImageEffects":true,"showParticleSystems":true},"in2DMode":false,"pivot":{"x":-3.683135986328125,"y":2.2385101318359377,"z":24.102073669433595},"rotation":{"x":0.2356165051460266,"y":0.6800411343574524,"z":-0.24695082008838654,"w":0.648928165435791},"size":20.244264602661134,"orthographic":false}